GEOID,place,freezing_days_change,freezing_days_1956,freezing_days_2025,freezing_first_change,freezing_first_1956,freezing_first_2025,freezing_last_change,freezing_last_1956,freezing_last_2025,coldest_min_change,coldest_min_1956,coldest_min_2025,season_length_change,season_length_1956,season_length_2025,freezing_longest_streak_change,freezing_longest_streak_1956,freezing_longest_streak_2025
0107000,"Birmingham, Alabama",-26,70,44,11,34,45,-24,189,164,9.1,7.4,16.4,-35,155,120,-6,15,8
0137000,"Huntsville, Alabama",-31,80,49,13,27,40,-24,192,168,11.7,3,14.7,-36,165,129,-8,17,9
0150000,"Mobile, Alabama",-13,25,11,20,53,73,-16,151,134,6.5,17.8,24.3,-36,97,61,-1,5,4
0151000,"Montgomery, Alabama",-17,49,33,10,40,51,-13,170,157,7.4,12.1,19.5,-24,130,106,-4,10,7
0177256,"Tuscaloosa, Alabama",-16,56,40,12,37,49,-10,173,163,7.1,10.5,17.7,-22,136,114,-4,12,8
0412000,"Chandler, Arizona",-10,14,4,22,65,87,-24,130,106,4.1,25.2,29.3,-46,65,20,-4,6,3
0427820,"Glendale, Arizona",-6,7,1,5,81,87,-18,119,101,3.4,27.7,31.1,-24,38,14,-3,4,1
0446000,"Mesa, Arizona",-9,12,2,25,66,91,-24,126,102,3.9,26,29.9,-49,61,12,-4,6,2
0454050,"Peoria, Arizona",-5,7,2,10,79,89,-23,124,100,3,27.8,30.8,-33,44,11,-3,5,2
0455000,"Phoenix, Arizona",-6,7,1,11,81,93,-23,122,99,3.2,27.9,31.1,-34,40,6,-3,4,2
0465000,"Scottsdale, Arizona",-3,3,0,-8,99,91,-18,120,102,3.4,29.3,32.7,-10,21,11,-2,3,2
0471510,"Surprise, Arizona",-7,9,3,11,75,86,-25,124,99,3.5,26.5,30,-36,50,14,-3,5,2
0473000,"Tempe, Arizona",-8,11,3,19,69,88,-23,125,102,3.7,26.2,29.9,-42,57,14,-3,6,2
0477000,"Tucson, Arizona",-6,16,11,19,56,76,-22,142,120,3.5,23.4,26.9,-41,86,44,-1,5,4
0541000,"Little Rock, Arkansas",-18,66,49,11,37,48,-10,174,164,4.2,9.8,14,-21,136,116,-7,18,11
0602252,"Antioch, California",-9,11,2,9,75,83,-17,117,99,3.7,27,30.8,-26,42,16,-2,5,3
0603526,"Bakersfield, California",-13,15,2,10,71,81,-34,123,88,5.6,25.7,31.3,-44,52,8,-3,6,3
0613014,"Chico, California",-11,19,7,30,56,86,-7,130,122,3.1,25.5,28.6,-37,73,36,-4,8,4
0614218,"Clovis, California",-18,21,3,31,54,86,-35,132,97,5.9,25,30.9,-67,78,12,-4,7,4
0616000,"Concord, California",-12,13,1,25,68,93,-20,122,101,4.6,26.4,31,-46,54,8,-3,6,2
0622020,"Elk Grove, California",-6,13,6,3,73,76,-5,115,110,1.5,27.4,28.9,-8,42,34,-2,6,4
0622804,"Escondido, California",-4,4,0,19,82,101,-2,107,105,2.8,29.5,32.4,-21,25,4,-1,3,2
0623182,"Fairfield, California",-13,15,2,19,68,87,-19,120,101,4.4,26.3,30.7,-39,53,14,-3,6,3
0624680,"Fontana, California",-3,4,0,14,81,95,-18,113,95,4.3,29.2,33.5,-32,32,-0,-0,2,2
0626000,"Fremont, California",-10,10,-0,7,77,84,-37,124,87,5.4,27.3,32.7,-44,47,3,-3,5,2
0627000,"Fresno, California",-16,21,5,37,52,89,-19,128,109,5.3,25.1,30.5,-56,76,20,-4,8,4
0633000,"Hayward, California",-9,9,0,6,78,84,-35,124,90,4.7,27.7,32.4,-41,46,5,-2,4,2
0637692,"Jurupa Valley, California",-3,3,0,8,85,92,-26,114,88,4,29.8,33.9,-34,29,-5,-0,2,2
0640130,"Lancaster, California",-24,56,33,10,46,57,-16,171,155,5.1,18.3,23.4,-27,125,98,-4,15,11
0646842,"Menifee, California",-10,12,2,34,66,100,-7,126,118,4.7,26.1,30.8,-41,60,19,-2,5,2
0648354,"Modesto, California",-10,16,6,23,63,86,-14,124,109,3.3,26.1,29.5,-37,61,24,-4,8,3
0649270,"Moreno Valley, California",-5,6,1,29,73,102,-18,121,103,4.4,27.8,32.2,-46,48,2,-1,3,2
0650076,"Murrieta, California",-8,8,0,29,73,102,-16,121,105,4.6,27.6,32.2,-45,48,3,-2,4,2
0653896,"Ontario, California",-3,3,0,9,83,92,-22,114,92,4,29.7,33.7,-32,31,-0,0,2,2
0655156,"Palmdale, California",-28,54,25,10,46,57,-17,171,154,5.7,18.7,24.3,-27,124,97,-8,15,7
0659451,"Rancho Cucamonga, California",-3,4,0,29,81,109,-8,116,109,4.2,29.4,33.6,-37,36,-1,-1,3,2
0660466,"Rialto, California",-4,4,0,13,82,94,-30,117,88,4.5,29,33.5,-42,35,-7,0,2,2
0662000,"Riverside, California",-3,3,0,7,88,95,-26,116,90,3.8,29.8,33.6,-33,28,-5,0,2,3
0662938,"Roseville, California",-6,13,6,10,71,81,-3,114,111,1.7,27.1,28.8,-12,42,30,-2,6,4
0664000,"Sacramento, California",-6,11,6,4,73,77,-4,112,108,1.3,27.7,29,-9,39,31,-2,6,3
0664224,"Salinas, California",-13,15,1,24,61,86,-49,144,95,5.8,25.5,31.3,-73,82,9,-3,6,2
0665000,"San Bernardino, California",-5,6,1,16,76,92,-32,122,91,4.9,27.7,32.6,-48,46,-2,-1,3,2
0668000,"San Jose, California",-13,14,1,29,61,90,-25,127,102,5.2,25.7,31,-54,66,12,-4,6,2
0669084,"Santa Clara, California",-12,12,0,20,67,88,-30,124,94,5.2,26.6,31.9,-51,57,6,-3,5,2
0669088,"Santa Clarita, California",-6,10,3,16,77,93,-6,129,123,3.4,26.8,30.2,-22,52,29,-1,4,3
0669196,"Santa Maria, California",-6,7,1,28,70,97,-22,122,100,3.5,28.2,31.6,-50,52,3,-2,4,2
0670098,"Santa Rosa, California",-23,32,8,21,53,75,-54,175,121,4.2,24.1,28.3,-75,122,47,-4,9,5
0672016,"Simi Valley, California",-2,3,0,22,90,111,3,108,111,2.2,30.7,32.9,-19,18,-1,-1,3,2
0675000,"Stockton, California",-12,16,4,11,70,81,-9,118,109,3.3,26.3,29.6,-21,48,27,-4,7,3
0677000,"Sunnyvale, California",-9,9,-0,8,76,85,-41,123,81,5.4,27.5,32.9,-50,46,-4,-3,5,2
0678120,"Temecula, California",-3,4,0,31,80,111,5,108,113,3.3,29.5,32.8,-26,28,2,-0,2,2
0681554,"Vacaville, California",-14,16,2,19,68,87,-20,123,104,3.7,26.3,29.9,-39,55,17,-4,6,3
0681666,"Vallejo, California",-7,8,0,14,79,93,-20,119,100,4.4,28,32.4,-34,40,7,-1,4,3
0682590,"Victorville, California",-19,44,25,7,50,57,-11,164,153,5.8,18.7,24.5,-18,114,96,-4,11,8
0682954,"Visalia, California",-14,19,5,22,58,80,-21,123,102,5,25.6,30.6,-43,65,22,-2,7,5
0803455,"Arvada, Colorado",-19,166,147,-1,14,13,-32,268,237,2.2,-9.1,-6.9,-30,254,224,-29,82,53
0804000,"Aurora, Colorado",-18,171,153,4,11,14,-45,276,230,2.3,-11.4,-9.1,-49,265,216,-51,111,60
0807850,"Boulder, Colorado",-14,175,161,3,9,12,-68,300,232,1.8,-11.1,-9.3,-70,291,220,-10,89,80
0812815,"Centennial, Colorado",-21,168,147,1,13,14,-35,266,231,2.8,-10.3,-7.5,-36,253,217,-57,101,44
0816000,"Colorado Springs, Colorado",-8,170,162,-4,14,10,-34,271,237,-0.1,-8.5,-8.7,-31,258,227,-28,98,70
0820000,"Denver, Colorado",-20,166,146,-0,14,14,-39,269,230,2.3,-10.2,-7.9,-39,255,216,-36,90,54
0827425,"Fort Collins, Colorado",-14,174,160,5,8,13,-71,296,224,3.8,-15,-11.2,-76,287,211,-13,93,80
0832155,"Greeley, Colorado",-16,176,160,5,8,13,-75,300,225,4.7,-16.1,-11.4,-80,292,212,-25,111,86
0843000,"Lakewood, Colorado",-25,167,141,0,14,14,-41,270,230,2.5,-8.9,-6.4,-41,257,215,-48,90,41
0862000,"Pueblo, Colorado",-20,163,143,-1,15,14,-36,250,214,3.1,-9.8,-6.7,-34,235,200,-34,98,63
0877290,"Thornton, Colorado",-18,165,148,2,13,15,-34,264,230,3,-11.1,-8.1,-37,252,215,-31,89,58
0883835,"Westminster, Colorado",-18,162,144,0,14,15,-35,265,230,2.4,-9.6,-7.2,-35,251,215,-25,79,54
0908000,"Bridgeport, Connecticut",-28,112,84,5,35,40,-15,196,181,5.3,1.5,6.8,-20,161,141,-7,34,27
0937000,"Hartford, Connecticut",-24,139,114,10,16,26,-67,252,185,8.8,-7.4,1.3,-77,236,159,-17,47,30
0952000,"New Haven, Connecticut",-26,113,87,5,34,39,-12,196,184,5.1,0.9,6,-17,162,145,-7,35,28
0973000,"Stamford, Connecticut",-28,124,97,17,19,36,-16,203,187,8.1,-2.3,5.8,-33,184,151,-11,41,30
0980000,"Waterbury, Connecticut",-28,154,126,13,10,23,-73,266,193,8.3,-8.6,-0.3,-86,256,170,-16,59,44
1150000,"Washington, District of Columbia",-31,102,71,18,24,42,-18,195,177,10.4,1.5,11.9,-36,171,135,-12,27,15
1225175,"Gainesville, Florida",-11,18,7,22,62,84,-31,156,125,6.4,20,26.4,-53,94,41,-1,4,3
1235000,"Jacksonville, Florida",-12,16,4,36,63,99,-28,149,121,8,20.7,28.7,-64,86,22,-2,4,3
1238250,"Lakeland, Florida",-6,7,0,20,85,105,-19,128,109,9.5,24,33.6,-39,43,4,-1,3,2
1253000,"Orlando, Florida",-5,5,1,22,87,109,-7,121,114,9.2,24.9,34.1,-29,34,5,-0,2,2
1270600,"Tallahassee, Florida",-23,35,12,36,41,77,-27,163,136,9.1,15.8,24.9,-63,122,59,-1,6,5
1304000,"Atlanta, Georgia",-32,70,38,13,36,49,-21,185,165,11.8,6.3,18.1,-34,150,116,-7,15,8
1319000,"Columbus, Georgia",-24,54,30,15,38,54,-19,175,157,8.4,11.4,19.8,-34,137,103,-4,10,7
1368516,"Sandy Springs, Georgia",-31,73,42,15,33,48,-22,187,166,11.5,5.8,17.3,-37,155,117,-7,16,9
1369000,"Savannah, Georgia",-20,33,12,16,56,72,-26,161,135,7.7,16.7,24.3,-42,105,63,-3,7,4
1372122,"South Fulton, Georgia",-32,71,39,13,35,49,-22,188,166,11.8,6.3,18.1,-35,152,117,-7,15,8
1608830,"Boise City, Idaho",-3,121,118,9,12,21,-48,254,206,8,-1.5,6.5,-57,242,185,7,33,39
1652120,"Meridian, Idaho",0,117,117,6,15,21,-48,254,206,7.5,-0.9,6.6,-54,239,185,7,32,39
1656260,"Nampa, Idaho",-3,123,120,7,13,20,-62,264,202,7.1,-1,6.1,-68,250,182,0,38,38
1703012,"Aurora, Illinois",-11,135,125,4,16,20,-6,218,212,3.9,-13.1,-9.1,-10,202,192,-22,61,39
1714000,"Chicago, Illinois",-29,132,103,8,22,30,-13,210,197,3.2,-9.1,-5.9,-21,188,167,-31,55,25
1723074,"Elgin, Illinois",-18,145,127,9,11,21,-17,231,213,5,-14.6,-9.6,-27,220,193,-36,72,35
1738570,"Joliet, Illinois",-20,135,115,9,17,26,-8,214,206,4.9,-12.7,-7.9,-17,197,180,-28,60,32
1751622,"Naperville, Illinois",-17,136,120,7,17,24,-7,217,210,4.5,-12.9,-8.4,-14,201,187,-28,63,34
1759000,"Peoria, Illinois",-25,135,110,-2,21,19,-12,212,200,5.3,-13.1,-7.8,-10,192,182,-36,62,26
1765000,"Rockford, Illinois",-22,149,128,9,10,19,-57,257,199,5.7,-16.6,-10.9,-66,247,181,-27,70,43
1772000,"Springfield, Illinois",-21,123,102,-4,23,19,0,197,198,6.2,-10.3,-4.1,5,174,179,-29,52,23
1822000,"Evansville, Indiana",-24,101,77,9,26,34,-11,192,180,8.6,-3.7,4.9,-20,166,146,-11,29,18
1825000,"Fort Wayne, Indiana",-25,140,115,9,15,23,-25,229,204,5.4,-10.4,-5,-33,214,181,-29,60,31
1836003,"Indianapolis, Indiana",-21,126,104,10,15,26,-10,206,196,6.7,-9.6,-2.9,-21,191,170,-15,41,27
1871000,"South Bend, Indiana",-21,142,121,2,18,20,-20,230,210,5.1,-10.1,-5.1,-22,212,190,-32,64,31
1912000,"Cedar Rapids, Iowa",-15,152,137,3,11,15,-23,241,218,3.8,-17.5,-13.7,-26,229,203,-44,88,44
1919000,"Davenport, Iowa",-25,141,117,6,17,23,-7,205,198,5.1,-15,-10,-13,188,175,-39,74,34
1921000,"Des Moines, Iowa",-18,143,125,-0,18,18,-22,220,197,5.2,-16.6,-11.3,-22,202,179,-42,76,35
2036000,"Kansas City, Kansas",-18,114,96,-3,30,27,-8,192,185,3.5,-6.2,-2.8,-5,162,158,-19,41,23
2052575,"Olathe, Kansas",-16,112,97,-6,31,25,-6,192,186,2.8,-5.6,-2.7,-0,161,161,-15,38,23
2053775,"Overland Park, Kansas",-17,113,96,-5,30,25,-8,193,186,3,-5.7,-2.7,-2,163,161,-14,38,24
2071000,"Topeka, Kansas",-17,123,106,-1,25,24,-7,203,196,4.9,-7.7,-2.8,-6,178,171,-25,54,29
2079000,"Wichita, Kansas",-19,115,96,2,29,31,-7,196,189,4.4,-3.5,0.9,-9,167,158,-14,41,27
2205000,"Baton Rouge, Louisiana",-16,27,12,27,47,73,-22,157,135,4.5,18.9,23.4,-49,110,62,-1,5,4
2240735,"Lafayette, Louisiana",-13,21,8,27,52,80,-26,150,124,3.4,21,24.4,-54,98,44,-1,5,4
2255000,"New Orleans, Louisiana",-8,13,5,36,64,100,-19,139,121,4,22.5,26.5,-55,75,20,-0,4,3
2270000,"Shreveport, Louisiana",-23,47,24,10,44,54,-26,172,146,6.1,14,20.2,-36,128,92,-4,10,5
2404000,"Baltimore, Maryland",-30,92,62,15,36,51,-16,188,172,5.8,6.1,11.9,-31,151,121,-14,29,15
2507000,"Boston, Massachusetts",-30,139,108,13,16,29,-29,218,188,7.1,-4.6,2.4,-43,202,159,-24,53,30
2509000,"Brockton, Massachusetts",-32,144,113,19,9,28,-52,244,191,8.8,-6.5,2.3,-71,235,163,-13,47,34
2511000,"Cambridge, Massachusetts",-29,132,103,13,22,35,-16,205,189,5.4,-2.9,2.5,-28,183,154,-25,54,29
2537000,"Lowell, Massachusetts",-22,154,132,15,7,22,-69,266,197,9.3,-10.7,-1.4,-84,259,174,-20,61,41
2537490,"Lynn, Massachusetts",-27,135,108,13,18,31,-27,215,188,6,-3.9,2.1,-40,197,157,-24,53,29
2545000,"New Bedford, Massachusetts",-29,122,93,13,24,38,-14,203,189,5.1,-0.1,4.9,-27,178,151,-19,43,24
2555745,"Quincy, Massachusetts",-32,135,103,15,16,32,-29,217,188,6.8,-3.7,3.1,-44,200,156,-19,49,30
2567000,"Springfield, Massachusetts",-28,152,123,13,9,22,-78,268,190,9.4,-10.7,-1.3,-91,259,168,-23,56,33
2582000,"Worcester, Massachusetts",-31,160,130,14,6,20,-96,293,197,9.6,-11.6,-2,-110,287,177,-34,67,34
2603000,"Ann Arbor, Michigan",-23,155,132,6,11,17,-74,271,197,4.3,-9.6,-5.3,-81,260,179,-37,75,38
2621000,"Dearborn, Michigan",-31,143,112,14,19,32,-1,205,205,4.3,-5.8,-1.5,-14,187,172,-41,68,27
2622000,"Detroit, Michigan",-32,143,111,14,19,33,-1,205,204,4.2,-5.4,-1.2,-15,186,171,-43,70,26
2634000,"Grand Rapids, Michigan",-25,155,130,7,11,18,-116,309,194,7.8,-10.9,-3.1,-123,298,176,-35,73,38
2646000,"Lansing, Michigan",-23,153,130,7,11,19,-95,291,196,6.7,-11.5,-4.8,-102,279,178,-32,71,39
2676460,"Sterling Heights, Michigan",-34,145,111,16,18,35,-3,210,207,4.1,-5.7,-1.5,-20,192,172,-46,73,28
2684000,"Warren, Michigan",-34,144,110,16,18,34,-1,205,205,4.2,-5.5,-1.3,-17,187,170,-46,72,26
2743000,"Minneapolis, Minnesota",-16,162,146,10,9,19,-80,269,189,10.3,-25.7,-15.4,-90,261,170,-41,116,75
2754880,"Rochester, Minnesota",-17,174,157,2,8,10,-52,302,250,4.3,-23.9,-19.6,-54,294,240,-44,125,81
2758000,"St. Paul, Minnesota",-16,161,145,10,9,19,-78,263,185,10.5,-25.6,-15.1,-88,255,167,-43,116,73
2836000,"Jackson, Mississippi",-21,52,31,12,37,49,-25,177,152,6.3,12.4,18.6,-37,140,103,-3,10,7
2915670,"Columbia, Missouri",-21,114,93,3,27,30,-8,194,185,5.4,-7.4,-2,-11,167,156,-12,36,24
2935000,"Independence, Missouri",-18,114,96,-3,29,25,-4,191,187,2.9,-6.3,-3.4,-1,163,162,-14,38,24
2938000,"Kansas City, Missouri",-18,113,95,-3,30,27,-6,191,185,3.2,-6,-2.8,-3,161,158,-16,39,23
2941348,"Lee's Summit, Missouri",-21,117,96,-2,27,25,-9,197,188,3.2,-6.3,-3,-7,170,163,-17,41,24
2965000,"St. Louis, Missouri",-25,105,80,5,29,33,-8,189,181,8,-5.3,2.7,-13,161,148,-11,30,19
2970000,"Springfield, Missouri",-23,115,92,4,20,24,-19,214,195,4.4,-5,-0.5,-23,193,170,-12,34,22
3006550,"Billings, Montana",-16,170,155,4,7,11,-84,316,231,0.9,-19.3,-18.4,-88,308,220,-19,77,58
3128000,"Lincoln, Nebraska",-13,144,130,4,15,18,-51,249,197,5.1,-14,-9,-55,234,179,-28,81,52
3137000,"Omaha, Nebraska",-22,148,126,9,11,20,-71,262,191,7.9,-17.2,-9.3,-80,252,172,-48,86,38
3231900,"Henderson, Nevada",-7,12,4,13,67,80,-19,125,107,4.3,25.2,29.5,-32,59,27,-3,6,3
3240000,"Las Vegas, Nevada",-31,48,17,12,52,64,-22,150,128,6,18.9,24.9,-34,97,64,-7,14,7
3251800,"North Las Vegas, Nevada",-28,42,13,16,54,69,-17,139,123,6,20,26,-33,86,53,-7,13,6
3260600,"Reno, Nevada",-12,137,125,4,16,20,-49,259,211,5.9,1.9,7.8,-52,244,191,-4,39,36
3268400,"Sparks, Nevada",-11,129,119,8,15,23,-51,255,204,5.7,3.2,8.9,-59,240,181,-1,35,35
3345140,"Manchester, New Hampshire",-26,167,141,11,7,18,-111,310,200,10.6,-14.4,-3.7,-122,303,181,-23,72,49
3421000,"Elizabeth, New Jersey",-37,104,66,14,38,51,-19,194,175,5.7,3.9,9.6,-33,156,124,-15,33,18
3436000,"Jersey City, New Jersey",-34,98,64,16,38,54,-15,190,176,5.5,4.3,9.8,-31,152,122,-16,32,16
3451000,"Newark, New Jersey",-37,113,77,12,30,42,-12,195,183,7.5,1.1,8.6,-24,165,141,-14,35,22
3457000,"Paterson, New Jersey",-30,122,92,17,19,35,-16,201,185,8.2,-2,6.2,-33,183,150,-11,38,27
3502000,"Albuquerque, New Mexico",-25,147,122,6,20,26,-13,206,193,8.4,1.1,9.4,-20,186,166,-19,76,56
3539380,"Las Cruces, New Mexico",-37,104,67,11,32,43,-26,192,166,9.4,8.2,17.6,-37,160,124,-6,26,20
3563460,"Rio Rancho, New Mexico",-26,145,119,8,21,29,-13,208,195,8.2,1.3,9.5,-21,187,166,-11,68,56
3611000,"Buffalo, New York",-34,145,110,15,20,35,-27,224,198,8,-7.5,0.5,-41,204,163,-30,59,29
3651000,"New York, New York",-33,97,65,17,37,54,-17,193,176,6.3,4,10.2,-34,156,122,-14,30,17
3663000,"Rochester, New York",-32,146,114,14,14,29,-35,236,201,8.7,-8.7,-0.1,-49,222,172,-27,57,30
3673000,"Syracuse, New York",-30,155,125,7,15,22,-35,246,211,6.9,-12.7,-5.8,-42,231,189,-46,75,30
3684000,"Yonkers, New York",-34,115,81,13,29,42,-12,197,184,8.2,-0.1,8.1,-25,167,142,-10,34,24
3712000,"Charlotte, North Carolina",-23,79,56,9,32,41,-10,184,174,7.4,8.4,15.9,-19,152,134,-6,17,11
3714100,"Concord, North Carolina",-26,85,59,6,31,37,-11,188,177,7.6,7.6,15.2,-18,158,140,-7,19,12
3719000,"Durham, North Carolina",-29,93,64,19,23,42,-28,199,171,8.6,6.2,14.7,-46,176,130,-3,20,17
3722920,"Fayetteville, North Carolina",-29,73,44,16,30,46,-16,184,168,7.7,9.8,17.5,-32,154,122,-4,14,10
3728000,"Greensboro, North Carolina",-31,93,62,14,25,39,-17,192,175,8.4,5.6,14,-31,168,136,-8,23,15
3731400,"High Point, North Carolina",-29,89,60,15,25,40,-16,192,176,7.8,6.3,14.1,-31,167,136,-7,21,15
3755000,"Raleigh, North Carolina",-31,86,55,18,24,42,-28,196,168,8.9,7.2,16.1,-45,171,126,-4,17,14
3774440,"Wilmington, North Carolina",-20,56,36,13,38,51,-11,179,168,5,13,18,-24,141,117,-3,11,7
3775000,"Winston-Salem, North Carolina",-31,97,66,12,25,37,-18,195,178,7.8,5.4,13.2,-29,170,141,-10,24,14
3825700,"Fargo, North Dakota",-11,178,167,4,6,11,-76,314,239,4.5,-27.9,-23.3,-80,308,228,-21,137,116
3901000,"Akron, Ohio",-35,136,102,8,22,30,-8,209,201,6.5,-7.5,-1.1,-16,187,171,-20,46,26
3915000,"Cincinnati, Ohio",-24,112,88,14,22,36,-15,200,186,7.1,-5.2,1.9,-29,179,150,-11,32,22
3916000,"Cleveland, Ohio",-32,117,85,17,31,48,-6,200,194,4.7,-2.4,2.3,-23,169,146,-20,42,23
3918000,"Columbus, Ohio",-25,124,99,14,16,31,-44,229,185,7.8,-7.8,0,-59,213,155,-17,39,22
3921000,"Dayton, Ohio",-27,121,94,15,19,33,-12,202,190,6.8,-7.5,-0.7,-27,184,157,-21,41,20
3977000,"Toledo, Ohio",-35,130,95,17,19,36,-4,203,199,5.8,-6,-0.3,-21,184,163,-29,51,22
4009050,"Broken Arrow, Oklahoma",-18,83,65,-1,37,36,-10,183,173,4.2,3.1,7.3,-9,146,137,-5,20,15
4052500,"Norman, Oklahoma",-21,84,63,0,39,39,-2,179,178,5.5,2.8,8.3,-2,141,139,-11,23,12
4055000,"Oklahoma City, Oklahoma",-22,87,65,1,38,39,-1,180,180,6,1.8,7.8,-2,143,140,-13,26,12
4075000,"Tulsa, Oklahoma",-17,85,69,-2,37,34,-7,183,176,4.5,2.3,6.8,-4,146,142,-5,21,16
4123850,"Eugene, Oregon",-4,35,31,-1,48,47,-15,180,165,4.2,17.3,21.5,-14,132,117,-1,10,9
4131250,"Gresham, Oregon",-14,35,22,10,47,57,-17,170,153,6.4,16.1,22.4,-27,123,97,-3,10,8
4134100,"Hillsboro, Oregon",-6,42,36,8,39,47,-19,186,167,5.5,15.5,21,-27,147,120,-1,11,10
4159000,"Portland, Oregon",-10,36,26,7,45,52,-17,170,153,6.1,16,22.1,-24,125,101,-2,11,9
4164900,"Salem, Oregon",0,35,36,2,45,47,-25,183,159,4.2,17,21.2,-26,138,112,-1,10,9
4202000,"Allentown, Pennsylvania",-33,142,110,12,14,27,-54,237,183,8.5,-4.3,4.2,-67,223,156,-19,54,35
4260000,"Philadelphia, Pennsylvania",-31,111,80,12,26,38,-14,198,184,8,1.2,9.2,-26,172,146,-14,33,19
4261000,"Pittsburgh, Pennsylvania",-29,125,96,14,19,33,-32,222,190,9.7,-7,2.7,-46,203,157,-12,35,23
4459000,"Providence, Rhode Island",-27,123,96,12,24,36,-14,201,187,5.5,-1.5,4,-26,177,151,-17,43,26
4513330,"Charleston, South Carolina",-23,30,8,32,53,85,-35,162,127,8.9,17.1,25.9,-67,109,42,-3,7,4
4516000,"Columbia, South Carolina",-22,56,34,14,38,52,-15,178,164,6.8,12.3,19.1,-29,141,111,-6,13,6
4550875,"North Charleston, South Carolina",-26,40,14,25,46,71,-24,167,143,8.2,15.5,23.7,-49,121,71,-4,9,5
4659020,"Sioux Falls, South Dakota",-21,173,152,2,8,10,-59,287,228,9.9,-25.3,-15.4,-61,279,218,-44,128,83
4714000,"Chattanooga, Tennessee",-30,82,52,12,27,39,-22,193,171,9.8,4,13.8,-34,166,132,-8,18,10
4715160,"Clarksville, Tennessee",-32,97,65,14,22,36,-15,193,178,11,-1.8,9.2,-29,172,142,-8,22,14
4740000,"Knoxville, Tennessee",-25,88,63,9,29,38,-16,193,177,9.7,1.6,11.3,-25,164,139,-5,17,13
4748000,"Memphis, Tennessee",-21,63,42,6,40,46,-13,176,163,5.3,8.1,13.3,-18,136,117,-5,15,10
4751560,"Murfreesboro, Tennessee",-20,87,67,11,24,34,-10,193,183,10.1,-0.1,10.1,-21,169,148,-7,20,13
4801000,"Abilene, Texas",-10,53,43,3,46,49,-10,172,162,2.2,12,14.1,-13,127,113,-3,12,9
4801924,"Allen, Texas",-21,47,27,6,50,56,-23,171,148,4.9,11.8,16.7,-29,121,92,-4,11,7
4803000,"Amarillo, Texas",-18,116,97,-2,31,29,-8,199,191,3.7,0.8,4.5,-6,168,162,-16,42,26
4804000,"Arlington, Texas",-19,40,21,9,50,59,-22,164,142,5.1,13.2,18.4,-31,114,83,-3,9,6
4805000,"Austin, Texas",-10,29,19,8,52,60,-18,160,141,3.5,17.4,20.9,-26,108,82,-0,6,6
4807000,"Beaumont, Texas",-15,22,7,19,57,76,-32,154,122,5.1,20,25.1,-51,97,46,-2,5,3
4813024,"Carrollton, Texas",-21,44,24,9,50,58,-23,167,144,5.1,12.6,17.7,-31,117,86,-4,10,7
4815976,"College Station, Texas",-16,29,14,8,57,65,-23,158,135,4.4,17.3,21.7,-31,102,71,-2,7,4
4817000,"Corpus Christi, Texas",-2,4,2,13,91,104,-2,116,114,3.7,26.8,30.5,-15,25,10,0,2,3
4819000,"Dallas, Texas",-19,41,21,10,50,60,-21,163,142,4.6,13.6,18.2,-31,113,82,-2,9,6
4819972,"Denton, Texas",-19,49,30,4,50,53,-18,171,153,4.7,11.4,16.1,-22,122,100,-5,12,7
4822660,"Edinburg, Texas",-3,4,1,27,79,106,-7,113,106,4.5,27.9,32.4,-34,33,-1,1,2,3
4824000,"El Paso, Texas",-32,69,37,11,40,51,-35,178,143,8.9,12.4,21.3,-46,138,92,-2,14,12
4827000,"Fort Worth, Texas",-17,44,27,7,50,57,-24,169,145,5.5,12.1,17.6,-32,119,88,-2,10,8
4827684,"Frisco, Texas",-20,46,26,6,51,57,-23,170,147,4.6,12.1,16.7,-29,120,91,-4,11,7
4829000,"Garland, Texas",-20,44,23,11,50,60,-19,166,147,4.9,12.8,17.8,-29,116,87,-4,10,7
4830464,"Grand Prairie, Texas",-19,40,21,9,50,59,-19,162,143,5,13.5,18.5,-27,111,84,-3,9,7
4835000,"Houston, Texas",-10,13,3,18,68,86,-28,140,113,4.4,22.4,26.8,-45,72,27,-1,4,3
4837000,"Irving, Texas",-20,41,20,10,51,62,-22,163,141,5.1,13.4,18.5,-32,112,80,-3,10,6
4839148,"Killeen, Texas",-15,37,21,12,49,61,-19,163,143,4.1,15.3,19.3,-32,114,82,-2,8,6
4841464,"Laredo, Texas",-7,9,2,19,72,91,-24,136,113,4.5,24.2,28.6,-43,64,21,-0,3,3
4841980,"League City, Texas",-8,10,2,29,72,101,-19,134,115,4.6,23.5,28.1,-48,63,14,-0,3,3
4842508,"Lewisville, Texas",-21,46,26,9,49,58,-24,169,146,5.2,12.1,17.3,-33,120,87,-4,11,7
4845000,"Lubbock, Texas",-25,98,72,3,35,38,-4,184,180,6.4,4.2,10.7,-7,148,142,-11,28,17
4845384,"McAllen, Texas",-2,3,1,22,83,106,-3,109,106,4.4,28.1,32.5,-26,26,0,1,2,3
4845744,"McKinney, Texas",-21,50,29,4,49,53,-25,172,147,4.9,11.4,16.3,-28,123,94,-5,12,7
4847892,"Mesquite, Texas",-20,42,22,9,51,60,-19,164,146,4.7,13.5,18.2,-28,114,86,-3,10,7
4848072,"Midland, Texas",-29,73,44,6,42,48,-21,181,160,5.7,9.5,15.2,-28,139,112,-10,19,9
4853388,"Odessa, Texas",-29,72,43,6,41,47,-24,182,158,6.1,9.2,15.4,-31,141,110,-9,18,9
4856000,"Pasadena, Texas",-9,11,2,25,71,96,-28,139,111,4.7,23.2,27.9,-53,68,15,-0,4,3
4856348,"Pearland, Texas",-10,12,2,26,66,92,-34,141,107,5.1,22.5,27.6,-59,74,15,-1,4,3
4858016,"Plano, Texas",-21,45,24,6,51,57,-22,170,147,4.8,12.3,17.1,-29,119,90,-3,10,7
4861796,"Richardson, Texas",-20,43,23,11,50,60,-19,166,147,4.8,12.8,17.5,-29,116,87,-3,10,7
4863500,"Round Rock, Texas",-13,31,19,6,53,59,-18,161,143,3.7,16.8,20.5,-24,108,84,-1,7,6
4865000,"San Antonio, Texas",-12,23,11,20,56,76,-17,149,132,4.5,19,23.6,-37,93,56,-1,5,4
4870808,"Sugar Land, Texas",-13,16,3,22,63,85,-29,143,114,5.2,21.2,26.4,-51,81,29,-1,4,3
4874144,"Tyler, Texas",-16,43,27,8,45,53,-18,168,151,4.8,13.1,17.9,-25,123,98,-3,9,7
4876000,"Waco, Texas",-11,32,21,6,54,60,-11,156,145,3.6,15.9,19.6,-18,102,85,-1,8,6
4879000,"Wichita Falls, Texas",-23,73,50,4,41,45,-13,179,166,7.3,6,13.3,-17,138,121,-7,18,12
4962470,"Provo, Utah",-13,146,133,7,14,21,-89,277,189,7.4,-3.3,4.1,-95,263,168,-8,69,60
4967000,"Salt Lake City, Utah",-19,118,99,5,26,31,-32,214,183,6.4,1.1,7.5,-37,189,152,-10,42,32
4982950,"West Jordan, Utah",-14,121,106,0,26,26,-28,215,187,7.2,-0,7.2,-28,188,160,-6,41,35
4983470,"West Valley City, Utah",-16,115,99,4,26,30,-32,213,180,6.3,1.5,7.7,-37,187,150,-9,41,32
5101000,"Alexandria, Virginia",-31,101,70,20,22,42,-19,196,177,10.1,1.9,12,-39,173,134,-10,25,15
5116000,"Chesapeake, Virginia",-27,75,49,9,40,48,-14,184,169,5.4,10.2,15.6,-23,144,121,-8,20,11
5156000,"Newport News, Virginia",-26,67,41,11,47,58,-8,175,167,4.3,11.9,16.2,-19,128,109,-9,19,11
5157000,"Norfolk, Virginia",-29,58,29,10,54,64,-13,171,159,5.1,13.4,18.5,-22,118,95,-6,15,9
5167000,"Richmond, Virginia",-20,95,75,13,24,37,-12,193,182,5.3,5.1,10.4,-25,169,144,-5,22,18
5182000,"Virginia Beach, Virginia",-30,71,41,14,43,57,-16,183,167,6,11,17,-30,140,110,-9,19,9
5305210,"Bellevue, Washington",-5,31,26,7,46,53,-8,166,158,4.6,17.2,21.7,-15,121,105,-0,9,9
5322640,"Everett, Washington",-8,39,30,6,44,50,-12,173,160,4.6,16.5,21.1,-19,129,110,-0,10,10
5335415,"Kent, Washington",-1,31,30,4,45,49,-7,167,160,4,17.2,21.2,-12,123,111,1,9,9
5357745,"Renton, Washington",-2,30,29,6,45,50,-7,165,158,4.2,17.3,21.5,-13,120,108,0,9,9
5363000,"Seattle, Washington",-4,28,24,0,54,54,-18,167,150,4.4,17.9,22.4,-18,114,96,0,8,9
5367000,"Spokane, Washington",-20,139,120,13,6,19,-107,303,196,6.7,-5.1,1.6,-120,297,177,-6,41,34
5367167,"Spokane Valley, Washington",-20,143,123,13,5,18,-110,307,197,8.1,-5.4,2.7,-124,302,178,-7,41,34
5370000,"Tacoma, Washington",-5,37,32,3,42,45,-12,178,166,4.7,16.4,21.2,-15,135,120,-0,10,10
5374060,"Vancouver, Washington",-12,40,28,6,44,50,-23,178,155,6.3,15.4,21.8,-29,133,105,-2,11,9
5531000,"Green Bay, Wisconsin",-36,163,127,11,13,24,-46,253,207,6,-15.5,-9.5,-56,240,183,-64,105,42
5548000,"Madison, Wisconsin",-23,163,140,7,7,14,-98,297,200,8,-20.1,-12.1,-105,291,186,-45,90,45
5553000,"Milwaukee, Wisconsin",-30,154,124,8,15,23,-45,250,204,5.2,-13.3,-8.1,-53,235,182,-50,84,34
